id,followers,retweets,likes,es_quote,es_retweet,rts_comments
1280507307395350528,2593,8,0,0,1,0
1280228640865869824,86998,5,180,1,0,0
1281117802561187840,1685,0,0,1,0,0
1280846538986721280,1092,0,0,1,0,0
1280234201116299264,876,0,0,1,0,0
1280671971290816512,5395,1,5,1,0,0
1268784219318149120,343,11,0,0,1,0
1280229796501471232,452,0,2,1,0,0
1282891332181270528,862326,4,23,0,0,1
1280315069092564992,1064,1,0,1,0,0
5124091242390245376,291976,17,48,0,0,1
1280947960629641216,5003293,11,21,0,0,1
1281389963007926272,353717,188,625,0,0,7
1280637444661133312,879,8,0,0,1,0
1281241503260651520,257964,11,0,0,1,0
1281064090157408256,257964,11,13,0,0,2
1280668224858832896,270,0,0,1,0,0
1280382673349943296,1580,0,0,1,0,0
1280298061214945280,5136270,246,1429,0,0,204
1280903298502008832,2125,0,0,1,0,0
1281016626813550592,2618,0,1,1,0,0
1280866426874716160,1128,0,0,1,0,0
1280299860865015808,7081,2,4,1,0,0
1280664092244574208,1677,1,0,1,0,0
1280230303148019712,3480046,8,72,0,0,11
1280498503563849728,196219,10,22,0,0,2
1280766609653710848,1236,0,0,1,0,0
1282062547416428544,159,22,0,0,1,0
1280568384053293056,355,0,0,1,0,0
1280321057845645312,3415,0,1,1,0,0
1281613675841957888,51622,1,3,0,0,1
1280893119836368896,327480,1,6,0,0,1
2561285347110436864,747863,19,48,0,0,4
1281041309881507840,8698,0,0,1,0,0
1280684367610773504,3361,1,0,1,0,0
1280982574043717632,3055880,16,32,0,0,4
1280929816540327936,113,2,0,0,1,0
1280230706795380736,457,0,0,1,0,0
1280822973608398848,1031,0,0,1,0,0
1281007754883272704,944,0,0,1,0,1
1280542117945913344,603,0,1,1,0,0
1280676540389490688,155,47,0,0,1,0
1280314037310554112,1460,0,0,1,0,0
1280695694853111808,157,0,0,1,0,0
1280542869149962240,2848,1,0,1,0,0
1280850460346368000,996,0,1,1,0,0
1281030247257911296,1379,41,0,0,1,0
1280185247997493248,2409,28,0,0,1,0
1280346167365246976,1039,4,0,0,1,0
1281638023726342144,23,29,0,0,1,0
1281287154753327104,2707,0,2,1,0,0
1280299328863641600,2075,0,13,1,0,0
1281364537564893184,591,15,0,0,1,0
1281077496667136000,29,16,0,0,1,0
1280440791152852992,930,1,0,0,1,0
1281315359719555072,651,7,0,0,1,0
1281006593140764672,23476,1,0,1,0,0
1281337722280579072,1258697,15,40,0,0,3
1280635340420759552,2153,1,0,0,1,0
1280320811233087488,3662,0,2,1,0,0
1280866169654841344,1317,41,0,0,1,0
1280469035558338560,223,0,1,1,0,0
2562045584297771008,533794,13,22,0,0,2
1280298847445692416,693,0,1,1,0,0
1281353075643559936,750,116,0,0,1,0
1280509888645476352,14135,1,0,0,1,0
1280985068975140864,1563,16,0,0,1,0
1281627603510734848,1272,0,0,1,0,0
1280583756982611968,284907,2,4,0,0,0
1281006324168474624,2599,3,4,1,0,1
1281013537784111104,2599,0,1,1,0,0
1280184133277364224,232,28,0,0,1,0
1280861376685191168,554,41,0,0,1,0
1282072241316995072,156848,1,2,0,0,0
1281398430389219328,5673,2,0,0,1,0
1282163173215305728,3888,55,0,0,1,0
1280298435317583872,2685,0,0,1,0,0
1280601594820780032,2685,0,1,1,0,0
1280340911399014400,142054,25,54,0,0,3
1280481817917820928,126,25,0,0,1,0
1280321784382926848,4169,0,1,1,0,0
1281636688729526272,53342,1,1,0,0,0
1281006356733050880,192,0,0,1,0,0
1280291982309494784,76336,2,10,1,0,0
1280302844382453760,282,0,3,1,0,0
1280691085111689216,465,0,0,1,0,0
1280657976454455296,1851,77,0,0,1,0
1268729561707155456,610,11,0,0,1,0
1280918911920283648,199410,3,9,0,0,0
1280541162823192576,486,0,0,1,0,0
1280845288345948160,2501,41,0,0,1,0
1282359594019414016,2152,55,0,0,1,0
1280302108546404352,923,0,1,1,0,0
1281349880053747712,692360,12,15,0,0,1
1268638164434014208,6895,11,82,0,0,0
1268673220229632000,678,11,0,0,1,0
1280804136427061248,1120,0,1,1,0,0
1280324252055547904,131,0,0,1,0,0
1280580333080018944,5352,2,16,0,0,1
1281005479032913920,268,16,0,0,1,0
1281565589153210368,392,29,0,0,1,0
1281339415084900352,1162,0,1,1,0,0
1281070848967876608,282,138,0,0,1,0
1280900503329783808,42,66,0,0,1,0
1280321601595211776,736,0,7,1,0,0
1280512943927459840,80,246,0,0,1,0
1281338814049538048,381,0,0,1,0,0
2561124604415102976,61368,2,6,0,0,2
1280343325363625984,560,3,2,1,0,0
1280950256968953856,340,11,0,0,1,0
1280649853404659712,641,0,0,1,0,0
1280683602607517696,21635,12,0,0,1,0
1282298803517890560,232,55,0,0,1,0
1280342187650068480,46,0,0,1,0,0
1280327364355010560,187,11,0,0,1,0
1280924937809690624,5074,0,2,1,0,0
1280307665923641344,115,0,0,1,0,0
1281586758887636992,387,29,0,0,1,0
1281020157012426752,516,46,0,0,1,0
1280584607579111424,1387,2,0,0,1,0
1280307899005390848,406,0,0,1,0,0
1280952162969927680,661,11,0,0,1,0
1282466085992910848,255,55,0,0,1,0
1280900209682329600,480,1,1,1,0,0
1282077274272079872,142,1,0,0,1,0
1281587621702127616,271,29,0,0,1,0
1280939429876699136,1555,0,0,1,0,0
1281092195831943168,1069,116,0,0,1,0
1280185672322686976,2048,28,0,0,1,0
1281121516340408320,194,13,0,0,1,0
1280301613387825152,433,0,0,1,0,0
1281294637198696448,1782,3,0,0,1,0
1280510917390860288,687,0,0,1,0,0
1281099185278910464,2207,0,6,1,0,0
1280638849945927680,259,6,0,0,1,0
1281068457262546944,278,15,0,0,1,0
1281095446375608320,199,83,0,0,1,0
1280893519255801856,970,0,0,1,0,0
1280906220275224576,253,66,0,0,1,0
1281058161189949440,455,46,0,0,1,0
1280362713168912384,355,24,0,0,1,0
1281231030729551872,69,83,0,0,1,0
1280323555482308608,431,0,0,1,0,0
1280884455788498944,1464,0,0,1,0,0
1280916005141823488,1497,0,0,1,0,0
1280859450430099456,160,15,0,0,1,0
1281065108190437376,442,0,1,1,0,0
1281362174896742400,188,1,0,0,1,0
1280206266846138368,259,0,0,1,0,0
1280625282072883200,684,0,16,1,0,0
5124371103222616064,6757331,133,515,0,0,4
1281638681498079232,201,29,0,0,1,0
1281762425512001536,458,3,0,0,1,0
1280459312813481984,378,25,0,0,1,0
1281189113698361344,598,46,0,0,1,0
1280349538843348992,2554,25,0,0,1,0
1280669115502518272,182,2,3,1,0,0
1281177860917669888,15175,0,0,1,0,0
1281141290705485824,91,0,0,1,0,0
1280952150898728960,404,11,0,0,1,0
1280857443162116096,60,15,0,0,1,0
1280999611373625344,158,66,0,0,1,0
1281023095118213120,1509,0,1,1,0,0
1280523500789301248,715,2,0,0,1,0
1280523378215043072,715,2,2,0,0,0
1281581583556804608,532,29,0,0,1,0
1280312384268185600,393,0,0,1,0,0
1280664378199719936,208,77,0,0,1,0
1280673517806247936,18642,1,0,0,0,0
1280661790209314816,15330,41,108,0,0,23
1280947573633712128,3554,0,1,1,0,0
1281149968481427456,249,5,0,0,1,0
1280607869164011520,98562,3,0,0,0,0
1280299674008719360,6270,0,2,1,0,0
1280631041770881024,120,77,0,0,1,0
1282119339831963648,696,0,0,1,0,0
1268697507384696832,7228,11,0,0,1,0
1280607162713223168,1119,0,0,1,0,0
1281166627892080640,48,11,0,0,1,0
1281098596570537984,363,7,0,0,1,0
1281402201831813120,24,83,0,0,1,0
1280663021086552064,4298,2,14,1,0,1
7686149447973781504,42499348,43,102,0,0,3
1280642863815155712,7169,3,0,0,1,0
1280632995129540608,7169,1,0,0,0,0
1280876584157745152,679,25,0,0,1,0
1280665394341085184,2092,1,4,1,0,0
1280321989111164928,168,0,0,1,0,0
1280984023700049920,2422272,10,36,0,0,4
1281290721383854080,2223,2,1,0,0,0
1280999115476930560,626637,2,6,0,0,0
1281061958905548800,58,83,0,0,1,0
1280259146940592128,1469,0,1,1,0,0
1281258057188536320,315,0,0,1,0,0
1280911080869462016,445,66,0,0,1,0
1281338644431806464,850,15,0,0,1,0
1280737985324032000,361,77,0,0,1,0
1282031457972752384,361,188,0,0,1,0
1282053737809432576,1136,22,0,0,1,0
1280619047504273408,123,0,0,1,0,0
1281540380148797440,295,0,0,1,0,0
1281070607854157824,1291,138,0,0,1,0
1280236920442966016,310397,4,29,0,0,1
1280879400695795712,3499,0,5,1,0,0
1280626860855099392,1160,1,0,0,1,0
1268699970737242112,866,11,0,0,1,0
1280885917947920384,287,0,0,1,0,0
1281105500277440512,333,116,0,0,1,0
5125625398135750656,17443201,196,314,0,0,32
1280867069244866560,518,0,1,1,0,0
1282118927032647680,547,55,0,0,1,0
1281299892644782080,207,66,0,0,1,0
1280342893996249088,214,25,0,0,1,0
1282138822839545856,514,0,0,1,0,0
1281245876615290880,662,138,0,0,1,0
1282768510486228992,409,55,0,0,1,0
1280333435970543616,1514,0,1,1,0,0
1280984157733244928,2565,0,0,1,0,0
1280307517885734912,339,0,0,1,0,0
1281063132157353984,401,0,0,1,0,0
1280483667333337088,337,0,0,1,0,0
1280632470141050880,1076,0,3,1,0,0
1280955932655132672,915,41,0,0,1,0
1280919561852915712,91,0,0,1,0,0
1281016267277840384,123603,4,0,0,1,0
1280312493185826816,263,0,0,1,0,0
1281064103893704704,1963,0,0,1,0,0
1280867118968377344,873,26,0,0,1,0
1280676174830678016,365,77,0,0,1,0
1280544943254233088,120,0,0,1,0,0
1280626841540161536,911,6,0,0,1,0
1280520301802127360,222,0,0,1,0,0
1280917574641950720,121,246,0,0,1,0
1268861713417408512,237,11,0,0,1,0
1280299114413068288,6057,0,6,1,0,0
1280627653494681600,1931113,75,240,0,0,11
1280311201109508096,114,0,2,1,0,0
1280669056748654592,321,0,1,1,0,0
1281017091093671936,22,16,0,0,1,0
1280323837977124864,565,0,0,1,0,0
1281565489492307968,632,15,0,0,1,0
1280913286230208512,25659,1,0,0,0,0
1282124312225423360,430,47,0,0,1,0
2560441567528439808,1582558,17,102,0,0,23
1280303697185120256,389,1,0,1,0,0
1280630627696553984,1827,0,0,1,0,0
1280256618060558336,212,0,0,1,0,0
1280518112782188544,125,7,0,0,1,0
1281401571071451136,1270,15,0,0,1,0
1281048946182197248,3323,16,0,0,1,0
1280353673483345920,184,6,0,0,1,0
1281148285147852800,349,5,0,0,1,0
1280909951834247168,2105,66,0,0,1,0
1280924699589931008,208,26,0,0,1,0
1280497570419261440,2061,15,0,0,1,0
1280865394316673024,2512,5,0,0,1,0
1281087837111279616,55,11,0,0,1,0
1280870328223268864,5334,26,0,0,1,0
1281153601029787648,326,11,0,0,1,0
1281063094400278528,308,138,0,0,1,0
1280238441242996736,647,25,0,0,1,0
1280226522880774144,985,0,0,1,0,0
1280928721118126080,1303,66,0,0,1,0
1280353098469445632,205,0,2,1,0,0
1280239386031017984,7,6,0,0,1,0
1280241252588453888,7,25,0,0,1,0
1280910738140381184,236,0,1,1,0,0
1280509202608394240,1544,0,1,1,0,0
1280299466537525248,784,3,0,0,1,0
1280343200507576320,772,0,0,1,0,0
1280480351052333056,196,0,0,1,0,0
1280527248471339008,14,246,0,0,1,0
1281605623466033152,147,0,1,1,0,0
1280807987247034368,109,3,0,0,1,0
1280502820538667008,106,0,0,1,0,0
1281000463454867456,81,15,0,0,1,0
1280372721361223680,155,0,0,1,0,0
1280396929344684032,218,0,2,1,0,0
1280931845820100608,1189,3,0,0,1,0
1281040191155814400,12,46,0,0,1,0
1280321667735191552,591,0,2,1,0,0
1280235055827300352,2980,0,0,1,0,0
1280552598152581120,569,246,0,0,1,0
1280990789871468544,59,16,0,0,1,0
1268831918226898944,646,11,0,0,1,0
1282052324370853888,1276,1,2,1,0,0
1280983225133924352,663,16,0,0,1,0
1281636663870066688,2091,29,0,0,1,0
1280363788814950400,270,0,1,1,0,0
1280533239325757440,1360,0,0,1,0,0
1280536866606010368,22,0,0,1,0,2
1280973953100480512,3678,26,0,0,1,0
1280248273132019712,21293,8,0,0,1,0
1280601249944125440,165,0,0,1,0,0
1285211514580930560,277,0,0,1,0,0
1280473921486237696,699,0,0,1,0,0
1280350858027425792,152248,6,18,0,0,0
1280233708101013504,4227969,25,126,0,0,5
1280544007291121664,134,0,0,1,0,0
1280298491420585984,468,0,0,1,0,0
1282050668228866048,771318,22,0,0,1,0
5122316752727322624,3085274,49,223,0,0,28
1280401726466592768,36,0,0,1,0,0
1280352900682846208,565,0,0,1,0,0
1281079961915478016,174,11,0,0,1,0
1282053993548611584,4880,22,0,0,1,0
1280312914407239680,2713,25,0,0,1,0
1282058408150147072,298,22,0,0,1,0
1280329483334148096,202,0,1,1,0,0
1280187978250366976,561,0,1,1,0,0
1280478081644466176,5183,15,36,0,0,1
1280950140153536512,4932,0,0,1,0,0
1280321073737805824,908,0,0,1,0,0
1280314048693895168,341,8,34,1,0,0
1281065489565921280,104,13,0,0,1,0
1281000284005818368,427,15,0,0,1,0
1281793912634585088,18,188,0,0,1,0
1280187503526510592,20661,1,1,0,0,0
1280313314690678784,195,0,0,1,0,0
1280582201734828032,29,0,0,1,0,0
1280316275894386688,327,0,0,1,0,0
1280223715440111616,145,13,0,0,1,0
1280982909940371456,2311,16,0,0,1,0
1280985314341912576,245,16,0,0,1,0
1280641124936359936,104797,1,1,0,0,0
1281024019915919360,3728,1,2,1,0,0
1280852142903955456,25,0,0,1,0,0
1281145544157663232,332,5,0,0,1,0
1283194865245982720,5361,138,0,0,1,0
1280350498705551360,258,2,2,1,0,0
1280565723971141632,433,0,1,1,0,0
1281658614625820672,78,188,0,0,1,0
1282170303586676736,542,0,0,1,0,0
1281337866585542656,8480,15,0,0,1,0
1280828518872612864,163,75,0,0,1,0
1280623922338283520,1298,1,1,1,0,0
1281339231693144064,180,0,0,1,0,0
1280301802488020992,2454,0,1,1,0,0
1282106854060044288,795,0,0,1,0,0
1281353732027031552,97,15,0,0,1,0
1280601163495284736,824,0,2,1,0,0
1280874352796450816,1513,1,1,0,0,0
1280256554265124864,419,28,0,0,1,0
1280322112813772800,388,0,1,1,0,0
1281059478562111488,141,0,0,1,0,0
1282099948356620288,419949,2,6,0,0,2
1280898658054144000,112,66,0,0,1,0
1280223814035689472,36,28,0,0,1,0
1280300538186301440,120,0,6,1,0,0
1282023788188762112,481,0,1,1,0,0
1280300686383763456,9246,1,29,1,0,0
1280537390034141184,130,8,0,0,1,0
1280341355630395392,27072,1,0,0,0,0
1281086846181822464,484,11,0,0,1,0
1281705821605367808,164,77,0,0,1,0
1280896302457532416,38,0,0,1,0,0
1280937998427860992,18,1,0,0,1,0
1280943226355101696,639,15,0,0,1,0
1281240870864457728,300,138,0,0,1,0
1281354296932667392,266,15,0,0,1,0
1281307970098417664,3879,41,0,0,1,0
1281014816392560640,291,0,0,1,0,0
1280536676541124608,68,246,0,0,1,0
1281702250252062720,17,2,0,0,1,0
1280649518254620672,317561,3,11,0,0,7
1280291575398985728,79264,3,12,0,0,3
1281021881668288512,820,0,0,1,0,0
1280322061865533440,4352,0,1,1,0,0
1280309071065894912,573,0,1,1,0,0
1280599367536250880,821,0,1,1,0,0
1280551465187258368,18,246,0,0,1,0
1280933779750690816,1582,3,0,0,1,0
1280712818061443072,171,77,0,0,1,0
1281069380399435776,45,13,0,0,1,0
1280272549012811776,1075,1,5,1,0,0
1280303892551602176,1347,0,1,1,0,0
1282380342758985728,83,29,0,0,1,0
1280988518974701568,148,10,0,0,1,0
1281007966922162176,296,0,0,1,0,0
1281343029824180224,113,15,0,0,1,0
1280298849920331776,1333,0,4,1,0,0
1282110494661316608,205,0,0,1,0,0
1280909616822525952,133,66,0,0,1,0
1280500220644790272,412,10,0,0,1,0
1280721516066308096,115,5,0,0,1,0
1281095030564892672,724,13,0,0,1,0
1281000866435260416,3359,15,0,0,1,0
1280847531656859648,4618,41,0,0,1,0
1280851629885943808,1493441,26,88,0,0,3
1280850559617163264,1618,41,0,0,1,0
1280350365511233536,5557,0,12,1,0,0
1280617956297277440,19655,3,3,0,0,1
1280792077408915456,457,0,0,1,0,0
1280317035944136704,239,0,0,1,0,0
1280418057349980160,695,0,0,1,0,0
1280545710253969408,1492,0,1,1,0,0
1280299877558255616,299,0,2,1,0,0
1280696313156378624,441,0,0,1,0,0
1282312688501227520,2764,1,1,0,0,0
1280837349329469440,4977,1,1,1,0,0
1280299256444837888,18080,1,2,0,0,0
1280898910081503232,770064,116,807,0,0,42
1280650219202523136,45,3,0,0,1,0
1280651458342522880,444,4,0,0,1,0
1281087598618869760,127456,0,24,1,0,0
1280486490427076608,510,0,0,1,0,0
1280739581868912640,632,0,2,1,0,0
1280631699945242624,810,0,5,1,0,0
1282125162926743552,390,0,0,1,0,0
1280949957860765696,228,11,0,0,1,0
1280840132703248384,2112,0,0,1,0,0
1280915524365488128,21,66,0,0,1,0
1280539832687656960,237,18,0,0,1,0
1281054574095327232,55,16,0,0,1,0
1280552792604717056,67,6,0,0,1,0
1282106633993289728,636,0,0,1,0,0
1281118061752471552,105,116,0,0,1,0
1280310397703241728,65,0,1,1,0,0
1281795353877110784,584,4,0,0,1,0
1280252353149644800,173,6,0,0,1,0
1280340701587353600,1789,24,0,0,1,0
1281001919201382400,209,0,0,1,0,0
1281220961547833344,371,116,0,0,1,0
1280553448652656640,1563,1,3,0,0,0
1280549916343971840,624,4,6,0,0,0
1280333499837317120,2733,0,3,1,0,0
1281236811122180096,449,138,0,0,1,0
1280995355396620288,248,0,1,1,0,0
1281284099676819456,343,116,0,0,1,0
1280695457270956032,406,0,0,1,0,0
1280628631061045248,1228,0,1,1,0,0
1280298892026949632,199,0,0,1,0,0
1281020781556883456,114,46,0,0,1,0
1280431877036429312,263,0,0,1,0,0
1280715717667631104,122,0,0,1,0,0
1281163215699881984,15525,1,0,0,1,0
1280192549131620352,1238,0,0,1,0,0
1281037049827647488,717,0,2,1,0,0
2561515821019627520,210770,92,232,0,0,8
1280354419029299200,1315,0,0,1,0,0
1281649647602135040,3184,29,0,0,1,0
1280947421187538944,52,6,0,0,1,0
1280299034872332288,734,0,2,1,0,0
1281324945516236800,115399,3,5,0,0,1
1280985346327674880,42599,1,2,0,0,0
1280985806031773696,4400,1,0,0,1,0
1280999412806881280,4131,2,0,0,1,0
1281171359339630592,4131,3,0,0,1,0
1281000148861161472,402,0,0,1,0,0
1283509872420704256,460,10,0,0,1,0
1280711602594070528,130,3,0,0,1,0
1280739029986824192,1709,0,6,1,0,0
1280223676214976512,1095,0,0,1,0,0
1281592930436882432,149,29,0,0,1,0
1280620148571938816,7,22,0,0,1,0
1280611432124624896,43,10,0,0,1,0
1280499488164061184,169,0,0,1,0,0
1281145603519647744,860,5,0,0,1,0
1281018533036666880,47,2,0,0,1,0
1281025147084955648,190,10,0,0,1,0
1280320660624027648,141606,1,4,0,0,0
1280184893943709696,388,0,0,1,0,0
1281013769603252224,342,15,0,0,1,0
1280867426897289216,310,26,0,0,1,0
1280892433119707136,1848,1,0,0,1,0
1280211594320936960,102,28,0,0,1,0
1280231991242305536,337,0,0,1,0,0
1280383399933415424,172,0,1,1,0,0
1280961744584806400,236,2,0,0,1,0
1281051681841692672,30,83,0,0,1,0
1280519394871906304,331,0,1,1,0,0
1280713219611529216,31598,5,6,0,0,0
1281079407734517760,478,116,0,0,1,0
1280887848128983040,570,75,0,0,1,0
1281130264983302144,522,16,0,0,1,0
1280674023014350848,190,1,0,0,1,0
1281116257882976256,735,13,0,0,1,0
1280936812454739968,367,0,0,1,0,0
1281635235122339840,3361,29,0,0,1,0
1280569039614545920,1236,0,2,1,0,0
1280608044758507520,444,0,0,1,0,0
1280231342907764736,166,0,0,1,0,0
1280631449222295552,206,0,0,1,0,0
1280326828138418176,9280,4,44,1,0,1
1280688353382412288,244,12,0,0,1,0
1281021995543560192,1180,46,0,0,1,0
1280713032885248000,265,0,0,1,0,0
1281022926377156608,2369,46,0,0,1,0
1281679405149040640,105,188,0,0,1,0
1280527134377771008,153,0,0,1,0,0
1280538269374128128,3311,0,1,1,0,0
1280853975571599360,383,4,0,0,1,0
1281316159183339520,346,138,0,0,1,0
1281393207960625152,2888,15,0,0,1,0
1280948299319726080,16,26,0,0,1,0
1280607677383655424,130,22,0,0,1,0
1282155436188278784,4434,1,0,0,1,0
1285082626467008512,25832,4,198,0,0,4
1280982998649917440,546,16,0,0,1,0
1280720863080439808,990,1,0,0,1,0
1280720840770883584,990,1,1,0,0,0
1285303304810049536,770,4,0,0,1,0
1280303080249135104,442272,150,1814,1,0,17
1282093168834547712,279,188,0,0,1,0
1285147431391420416,578,0,0,1,0,0
1280473087952261120,44,25,0,0,1,0
1280334611449552896,211,0,1,1,0,0
1280629473042477056,90,47,0,0,1,0
1280240409034309632,942,0,1,1,0,0
1280329074410389504,289,0,0,1,0,0
1281099401574977536,35,116,0,0,1,0
1280690213665341440,275,0,0,1,0,0
1281244860998180864,307,13,0,0,1,0
1280321830981697536,2097,24,0,0,1,0
1280728366686101504,298,2,0,0,1,0
1281100163562569728,1949,7,0,0,1,0
1280984771133349888,1489,10,0,0,1,0
1280993534628237312,1489,4,0,0,1,0
1280584955400278016,115,0,0,1,0,0
1281048212783144960,74,83,0,0,1,0
1281023016676229120,314,46,0,0,1,0
1280299286308229120,556,0,1,1,0,0
1280501850404511744,218,10,0,0,1,0
1283337569195962368,307,10,0,0,1,0
1280693454247469056,264,12,0,0,1,0
1280310697721761792,85,0,1,1,0,0
1280701833443520512,973,0,1,1,0,0
1281132407509434368,19,66,0,0,1,0
1280684298534879232,382,12,0,0,1,0
1280302943170936832,839,0,1,1,0,0
1280300396716662784,735,0,1,1,0,0
1280225925544783872,532,0,6,1,0,0
1280310602322153472,25630,1,14,0,0,1
1280910574419927040,352,0,4,1,0,0
1281219760508866560,325,5,0,0,1,0
1281146897890193408,475,5,0,0,1,0
1280925096551624704,217,0,5,1,0,0
1280629279068491776,409,1,13,1,0,0
1280529978908717056,86,10,0,0,1,0
1280952011266174976,603,4,0,0,1,0
1280307290323722240,676,0,0,1,0,0
1280336349233664000,608,0,2,1,0,0
1281648630659719168,1072,29,0,0,1,0
1280914775002750976,243,66,0,0,1,0
1281049668848357376,524,4,0,0,1,0
1280629546119815168,2423,0,7,1,0,0
1280251109106483200,597,0,0,1,0,0
1280856882647883776,1642,15,0,0,1,0
1280321605760057344,12566,24,0,0,1,0
1280630362197168128,415,0,2,1,0,0
1280640271127130112,2831,6,0,0,1,0
1280500460756045824,277,0,0,1,0,0
1281046760568369152,644,15,0,0,1,0
1280824160139214848,25,2,0,0,1,0
1280533485040668672,967,0,0,1,0,0
1281041380140294144,386,83,0,0,1,0
1280547962494562304,4669,0,43,1,0,0
1282117168247840768,17,0,0,1,0,0
1281412235303292928,198,15,0,0,1,0
1280349077084033024,171,0,0,1,0,0
1280555754840342528,540,10,0,0,1,0
1281122050703331328,54,46,0,0,1,0
1280601169635815424,1075,0,1,1,0,0
1281040768749182976,176,0,0,1,0,0
1280604389967880192,353,22,0,0,1,0
1280630925525757952,537,0,2,1,0,0
1280636897761595392,497,1,0,1,0,0
1280876359066271744,832,41,0,0,1,0
1281098502521720832,1965,7,0,0,1,0
1282149248671395840,262,0,2,1,0,0
1280307060257718272,267,0,1,1,0,0
1280230227663376384,485,0,0,1,0,0
1280628991255289856,110,3,0,0,1,0
1280202562474573824,160,28,0,0,1,0
1280687516056801280,580,0,3,1,0,0
1281357466698219520,207,12,0,0,1,0
1282275446407798784,606,55,0,0,1,0
1280298409237393408,25444,73,1006,1,0,4
1281025335367274496,36,10,0,0,1,0
1280300026984611840,617,0,1,1,0,0
1280312715274326016,461,0,1,1,0,0
1280576910255370240,1031,4,0,0,1,0
1281019492131274752,2060,1,8,1,0,0
1280878808703414272,699,75,0,0,1,0
1281038393581768704,38,83,0,0,1,0
1280231468602740736,1999,0,2,1,0,0
1280655514335133696,262,11,0,0,1,0
1280308604831174656,2121,2,2,1,0,0
1280413262333566976,209,0,0,1,0,0
1280231321353293824,169,6,0,0,1,0
1280251182380994560,346,2,1,1,0,0
1281343371534045184,150,15,0,0,1,0
1281758452021329920,57,188,0,0,1,0
1280508656820330496,1225,8,0,0,1,0
1280910130893279232,653,41,0,0,1,0
1281065423279206400,341,0,8,1,0,0
1280244464888528896,10367,4,53,0,0,0
1280889661511086080,354,5,0,0,1,0
1280619518621036544,120,3,0,0,1,0
1280540841921183744,3947,25,0,0,1,0
1280927507676639232,1248,0,20,1,0,0
1281258676989374464,6,116,0,0,1,0
1281191331084111872,100,3,0,0,1,0
1280281687763693568,305,8,0,0,1,0
1282051013369888768,149,0,0,1,0,0
1281007319661318144,161,66,0,0,1,0
1281406452792356864,446,1,0,1,0,0
1280747263778795520,1843,1,3,0,0,0
1280189362731462656,414,0,0,1,0,0
1281048256634642432,27,16,0,0,1,0
1280300146954248192,981,0,0,1,0,0
1282858611107074048,238,47,0,0,1,0
1281010089646833664,805,0,1,1,0,0
1280622969899945984,2253,0,2,1,0,0
1281045585093636096,2753,0,2,1,0,0
1280627898743951360,485,0,2,1,0,0
1280662518978019328,1686,246,0,0,1,0
1280979796349136896,163,41,0,0,1,0
1280849992241029120,25262,1,1,0,0,0
1280331125995573248,201,1,0,0,1,0
1280862825716559872,197,15,0,0,1,0
1281089765589188608,23,138,0,0,1,0
2560542260394418176,840753,37,140,0,0,6
1280535866105102336,552,18,0,0,1,0
1280852542058975232,734,1,0,0,1,0
2561074549964562432,46,0,0,2,0,0
1281012716434530304,754,46,0,0,1,0
1280920931469230080,252,41,0,0,1,0
1280541554281775104,14,18,0,0,1,0
1280517268158513152,51,0,0,1,0,0
1280687783401709568,119,12,0,0,1,0
1280696400137924608,63,12,0,0,1,0
1280914035517657088,317,0,1,1,0,0
1280794854289821696,222,75,0,0,1,0
1280553813091463168,2086,0,0,1,0,0
1280343397405003776,452,0,0,1,0,0
1281187334797643776,1146,11,0,0,1,0
1280901942420680704,1955,1,0,0,1,0
1280324525369016320,2487,1,0,0,1,0
1280569115179192320,33,10,0,0,1,0
1280320660619829248,14330,1,3,0,0,2
1280898142859337728,249,0,9,1,0,0
1281247099632451584,322,138,0,0,1,0
1281069475723382784,58,46,0,0,1,0
1280889867430436864,18,15,0,0,1,0
1280828671926951936,1273,41,0,0,1,0
1281647603768127488,2568,4,0,0,1,0
1280220305219301376,70,11,0,0,1,0
1280192355434405888,1059,28,0,0,1,0
1280336109780729856,94,0,0,1,0,0
1280343657682477056,161,0,0,1,0,0
1280635050090999808,386,6,0,0,1,0
1280311192955654144,1027,0,1,1,0,0
1280294097337618432,571,3,0,0,1,0
1280335637795782656,179,0,0,1,0,0
1281087813790957568,636,46,0,0,1,0
1281047394482884608,93,16,0,0,1,0
1281688019137961984,611,0,0,1,0,0
1281715899293208576,260,29,0,0,1,0
1280491827863400448,692,0,1,1,0,0
1280898903122915328,791,26,0,0,1,0
1280332981404667904,22700,5,75,1,0,0
1283163873059774464,121,1,0,1,0,0
1280309975148101632,556,0,5,1,0,0
1280948533479309312,433,11,0,0,1,0
1280619385892331520,1268,0,1,1,0,0
1280626682618155008,925,47,0,0,1,0
1280305412122828800,458,0,1,1,0,0
1282548438043897856,253,188,0,0,1,0
1281003247520681984,426,15,0,0,1,0
1280984651889287168,6474,0,5,1,0,0
1280364370468503552,617,0,2,1,0,0
1280330076593291264,164,0,0,1,0,0
1280444587086155776,6548,0,3,1,0,0
1280232092769619968,488,8,0,0,1,0
1282020202905956352,7694,1,6,0,0,1
1281647211898494976,3969,29,0,0,1,0
1280303702767816704,616,0,1,1,0,0
1281450217158529024,1321,1,0,0,1,0
1280790247484383232,237,75,0,0,1,0
1280527080384614400,115,18,0,0,1,0
1280224795599220736,670,0,4,1,0,0
1281364229359099904,1000,15,0,0,1,0
1280248283714269184,3437,4,0,0,1,0
1280781997888208896,26942,1,0,0,0,0
1280315274684760064,1512,0,0,1,0,0
1280342826270822400,74,25,0,0,1,0
1280902489093668864,349,0,0,1,0,0
1280527125888540672,262,7,0,0,1,0
1280503843814551552,119,7,0,0,1,0
1280702973035888640,1721,0,1,1,0,0
1280298303683538944,38,11,0,0,1,0
1280318170906140672,270,0,0,1,0,0
1281057431964078080,59,16,0,0,1,0
1280550021725814784,362,18,0,0,1,0
1280628008567660544,43,77,0,0,1,0
1280957378817601536,780,0,0,1,0,0
1280684313340719104,1588,1,7,1,0,0
1280321193640427520,676,0,0,1,0,0
1280526168572203008,552,18,0,0,1,0
1280950918326951936,1277,6,0,0,1,0
1280347016527257600,46,24,0,0,1,0
1280309694129754112,2709,1,2,1,0,0
1280890869760081920,264,5,0,0,1,0
1280955496434774016,6403,3,13,0,0,0
1280250873831137280,81,0,2,1,0,0
1280993303471828992,174,0,0,1,0,0
1280855084537188352,105,41,0,0,1,0
1280809119918817280,454,4,0,0,1,0
1285236938556035072,435,0,4,1,0,0
1280260804370145280,1027,0,1,1,0,0
1285086105843445760,911,4,0,0,1,0
1280510732271063040,1591,15,0,0,1,0
1280534732065910784,2883,0,1,1,0,0
1280510342058201088,133,1,3,0,0,0
1280225010079145984,449,0,3,1,0,0
1280192606434181120,325,0,0,1,0,0
1280541096129564672,383,0,2,1,0,0
1280926101703974912,2741,0,1,1,0,0
1280492498511695872,909,0,7,1,0,0
1281808615913992192,119,4,0,0,1,0
1281010420359323648,397,0,0,1,0,0
1280484293052108800,254,15,0,0,1,0
1281596444219265024,2573,2,18,0,0,0
1280612406625021952,88,3,0,0,1,0
1280314694084034560,1882,0,4,1,0,0
1280559065836531712,8637,1,0,0,1,0
1280487384421994496,1301,1,0,0,1,0
1281013322922557440,88,0,0,1,0,0
1280623386251661312,24075,6,2,0,0,1
1281125192618708992,9899,11,0,0,1,0
1280912279521955840,209,0,1,1,0,0
1280353830140547072,1638,6,0,0,1,0
2563565220071780352,6002,94,0,0,2,0
1280421922363359232,189,0,0,1,0,0
1281677452113256448,1243,188,0,0,1,0
1280345801487781888,9754,1,0,0,1,0
1280488475914047488,1471,0,2,1,0,0
1281581796552048640,101,4,0,0,1,0
1280319723935236096,154,25,0,0,1,0
1280342270542135296,537,25,0,0,1,0
1281649120411676672,430,1,0,0,1,0
1280231189433982976,195,0,0,1,0,0
1281012950329892864,19046,4,21,0,0,0
1281022500957192192,84,46,0,0,1,0
1281033570719543296,2313,0,9,1,0,0
1280885386227654656,234,0,0,1,0,0
1280298412919918592,318,0,0,1,0,0
1281637899319029760,139,29,0,0,1,0
1280670667554291712,140,4,0,0,1,0
1282100085271285760,493,2,0,0,1,0
1281229477666791424,242,0,2,1,0,0
1281088335398817792,157,116,0,0,1,0
1280515036453179392,164,246,0,0,1,0
1280306855139594240,536,0,1,1,0,0
1282902130060394496,1015,4,0,0,1,0
1280310077728186368,1257,1,3,1,0,0
1280928610212249600,122,66,0,0,1,0
1280998695006175232,11,10,0,0,1,0
1280506599468142592,386,0,0,1,0,0
1280864373129580544,48,26,0,0,1,0
1280300805552246784,660,0,12,1,0,0
1281639923544711168,61,29,0,0,1,0
1280638957286539264,399,0,0,1,0,0
1280560448186847232,67,10,0,0,1,0
1280312274985590784,1604,0,0,1,0,0
1281174204205936640,7,15,0,0,1,0
1281688421635850240,1180,188,0,0,1,0
1280504601544966144,357,15,0,0,1,0
1280299707311554560,317,0,0,1,0,0
1280934971973136384,356,0,0,1,0,0
1283133146561740800,124,3,0,0,1,0
1280361826979647488,340,25,0,0,1,0
1281632338208796672,1068,0,1,1,0,0
1281012979635453952,416,0,0,1,0,0
1280859412069056512,1223,77,0,0,1,0
1282314023325896704,225,1,0,0,1,0
1280683759461900288,35,12,0,0,1,0
1280302152511115264,637,1,0,0,1,0
1281135207127670784,76,116,0,0,1,0
1280335694666309632,1025,0,2,1,0,0
1280535018608222208,4382,7,0,0,1,0
1281048442807214080,1599,1,1,0,0,1
1281073099564298240,43,46,0,0,1,0
1281646618761031680,103,29,0,0,1,0
1282050836600958976,717,22,0,0,1,0
1280305450815193088,918,0,0,1,0,0
1280920557974847488,171,41,0,0,1,0
1280298864302526464,1199,1,16,1,0,0
1282100861951520768,3449,0,0,1,0,0
1280900783299538944,282,41,0,0,1,0
1280223405929832448,265,13,0,0,1,0
1280517502985031680,132,246,0,0,1,0
1280308496374935552,2686,0,8,1,0,0
1280272435431067648,865,28,0,0,1,0
1280790905394520064,468,75,0,0,1,0
1281102585940922368,1190,0,10,1,0,0
1280343151463497728,664,0,1,1,0,0
1280663222450892800,125,11,0,0,1,0
1280603291005714432,2011,2,3,1,0,0
1280298775735648256,1749,0,0,1,0,0
1282022726312628224,523,1,4,1,0,0
1281150795040333824,31731,1,0,0,0,0
1280696116326158336,200,0,0,1,0,0
1280540887450337280,3720,246,0,0,1,0
1280256122780352512,382,25,0,0,1,0
1281065737667444736,376,0,2,1,0,1
1280948782348328960,46,11,0,0,1,0
1280237929856720896,277,6,0,0,1,0
1280815963391373312,240,75,0,0,1,0
1281090398979526656,1155,138,0,0,1,0
1280535942659440640,126,18,0,0,1,0
1280308595628933120,16,0,0,1,0,0
1280879348485173248,261,26,0,0,1,0
1280602833998565376,195,22,0,0,1,0
1280645911807492096,98,77,0,0,1,0
1280242036914950144,802,0,0,1,0,0
1280833455757111296,103,75,0,0,1,0
2562722869921263616,124026,2,14,0,0,1
1280540434280873984,411,0,0,1,0,0
1281741354985553920,39,188,0,0,1,0
1282459043517341696,188,1,0,0,1,0
1280518722927681536,131,0,0,1,0,0
1280237834994155520,1110,4,0,0,1,0
1280908822647910400,41,26,0,0,1,0
1280507289351446528,853,0,1,1,0,0
1280321348670275584,838,1,2,1,0,0
1280784221502652416,66,1,0,0,1,0
1280304466735042560,868,1,10,1,0,0
1282127561817051136,153,55,0,0,1,0
1281007241513050112,145,246,0,0,1,0
1280310700880154624,1882,0,3,1,0,0
1280339776911093760,541,0,1,1,0,0
1280537800480260096,398,18,0,0,1,0
1280988071765389312,226,0,0,1,0,0
1280729334551130112,577,47,0,0,1,0
1280863003324358656,194,15,0,0,1,0
1280648165230862336,36,1,8,0,0,0
1280614306724405248,446,22,0,0,1,0
1280923150809694208,6,26,0,0,1,0
1280946519349264384,207,0,6,1,0,0
1280716574794682368,229,77,0,0,1,0
1280307454023213056,17,0,4,1,0,0
1280865016065990656,53,5,0,0,1,0
1280302259298078720,789,0,0,1,0,0
1280568384770449408,17753,2,0,0,0,0
1280736352527671296,273,0,0,1,0,0
1280891803466698752,981,75,0,0,1,0
1280535683824836608,775,0,2,1,0,0
1280871055108653056,44,26,0,0,1,0
1280677978758881280,77,77,0,0,1,0
1283334906953728000,1526,10,19,0,0,0
1280625461329047552,2200,6,0,0,1,0
1280627194172190720,1275,0,3,1,0,0
1280628547061788672,1534,11,0,0,1,0
1281745177405784064,20,188,0,0,1,0
1280713247629479936,77,0,1,1,0,0
1281715785824645120,705,2,0,0,1,0
1280517578629275648,53,0,1,1,0,0
1282135684103450624,222,55,0,0,1,0
1280856794663968768,3127,15,0,0,1,0
1280269570666717184,55369,4,0,0,1,0
1280282040022306816,38,4,0,0,1,0
1281004910323122176,165,15,0,0,1,0
1280224016079425536,50,0,1,1,0,0
1283346622370455552,173,10,0,0,1,0
1281205160199499776,10298,2,16,0,0,1
1280232377437077504,270,8,0,0,1,0
1280232334474850304,267,0,0,1,0,0
1280323521995038720,1514,24,0,0,1,0
1280484019956744192,107,1,3,0,0,0
1280701034223017984,18,246,0,0,1,0
1282914917507530752,238,4,0,0,1,0
1280304245942767616,6232,0,2,1,0,0
1281194414610710528,1007,5,0,0,1,0
1282279004901462016,103,55,0,0,1,0
1280786563459428352,456,75,0,0,1,0
1280308819025944576,267,0,0,1,0,0
1281845187212345344,127,3,0,0,1,0
1281631884552876032,47,0,0,1,0,0
1280914542424469504,132,0,0,1,0,0
1281073244112592896,13,83,0,0,1,0
1280299478638039040,4312,0,0,1,0,0
1280984445957410816,1484,16,0,0,1,0
1281042077699256320,392,0,16,1,0,0
1280511464583901184,1184,10,0,0,1,0
1281617267009167360,484,0,3,1,0,0
1280221413887131648,11,11,0,0,1,0
1280223956679737344,11,6,0,0,1,0
1280481906635784192,2116,15,0,0,1,0
1280951633174822912,211,6,0,0,1,0
1280314804964667392,256,25,0,0,1,0
1280604004964274176,408,22,0,0,1,0
1280604169678749696,406,0,0,1,0,0
1280243096840802304,614,1,1,1,0,0
1280269565671292928,871,4,0,0,1,0
1280940780119564288,72,66,0,0,1,0
1280858036022771712,245,15,0,0,1,0
1280529663526342656,166,246,0,0,1,0
1280657519224987648,1913,47,0,0,1,0
1280883107621556224,10735,1,3,0,0,0
1281495636102307840,23,2,0,0,1,0
1280736050697076736,133,0,1,1,0,0
1280793689472864256,70,75,0,0,1,0
1280793677376487424,70,0,2,1,0,0
1280643913888477184,1292,1,0,0,1,0
1280318047333617664,254,0,0,1,0,0
1281617428649250816,118,29,0,0,1,0
1282573764170002432,475,0,3,1,0,0
1280554423094149120,21,18,0,0,1,0
1280238459718963200,59,25,0,0,1,0
1280489321615761408,140,0,0,1,0,0
1280501160508633088,87,0,0,1,0,0
1280316159523463168,166,0,1,1,0,0
1280330278871982080,17024,1,6,0,0,0
1280325254385197056,1681,0,1,1,0,0
1281953779139502080,21,188,0,0,1,0
1280237901532495872,735,1,4,1,0,0
1280284718815154176,104,11,0,0,1,0
1280799348935319552,294,2,0,0,1,0
1281032563813990400,749,0,0,1,0,0
1280598810474020864,400,11,0,0,1,0
1280513579377180672,242,15,0,0,1,0
1280551260874301440,4250,0,0,1,0,0
1280923637462286336,108,3,0,0,1,0
1280865200175022080,1059,41,0,0,1,0
1280929000802713600,181,0,1,1,0,0
1281143559769468928,658,1,0,0,1,0
1280307472167694336,64,0,1,1,0,0
1281077817095135232,35,138,0,0,1,0
1281068473960062976,11,13,0,0,1,0
1280187219874123776,162,28,0,0,1,0
1281068515437490176,25,11,0,0,1,0
1281570089456803840,287,2,0,0,1,0
1281671462672379904,8,29,0,0,1,0
1281032971189919744,267,15,0,0,1,0
1280551514348687360,101,0,0,1,0,0
1280753744423145472,102,75,0,0,1,0
1282990086108282880,141,0,0,1,0,0
1280919254049665024,19,75,0,0,1,0
1280235828480864256,217,25,0,0,1,0
1280366444002398208,601,0,0,1,0,0
1280232460920541184,68,0,2,1,0,0
1280186173844062208,179,0,2,1,0,0
1280311149439979520,114,0,0,1,0,0
1280343234317778944,80,1,0,0,1,0
1281040535864647680,273,0,0,1,0,0
1280498718438035456,65,7,0,0,1,0
1280673916223205376,237,246,0,0,1,0
1280269563590934528,467,4,0,0,1,0
1280349639552774144,2958,0,30,1,0,0
1281040244259852288,65,11,0,0,1,0
1280240040971558912,632,0,4,1,0,0
1281170822112006144,43,16,0,0,1,0
1280345649251258368,88,11,0,0,1,0
1280486831017144320,1852,15,0,0,1,0
1280189015761784832,390,28,0,0,1,0
1280318360014786560,674,0,1,1,0,0
1280639502915076096,170,3,0,0,1,0
1280234458831036416,754,0,0,1,0,0
1280312449091198976,1548,11,0,0,1,0
1280343279297376256,4491,7,65,1,0,0
1281068913443459072,693,138,0,0,1,0
1280566514198986752,248,0,0,1,0,0
1280984617688936448,90,10,0,0,1,0
1281014926128164864,749,46,0,0,1,0
1281066072729403392,8,83,0,0,1,0
1280608803743031296,256,47,0,0,1,0
1280314941929644032,227,0,3,1,0,0
1280917798248644608,753,5,0,0,1,0
1280325325851963392,676,0,0,1,0,0
1280532808570671104,174,0,0,1,0,0
1280528497518292992,513,7,0,0,1,0
1280464346745843712,240,1,0,0,1,0
1281008536147935232,161,10,0,0,1,0
1273412261525274624,363,4,0,0,1,0
1280608860751958016,141,18,0,0,1,0
1280608556346159104,29,22,0,0,1,0
1280341683318722560,783,0,0,1,0,0
1281100544774373376,1300,7,0,0,1,0
1281182272629149696,51,75,0,0,1,0
1280305170002444288,313,1,2,1,0,0
1280443865829343232,2161,11,25,0,0,0
1281604480992186368,179,12,0,0,1,0
1280814438183063552,862,1,0,0,1,0
1281003598000918528,119,15,0,0,1,0
1280444465057062912,4596,11,0,0,1,0
1280238978734710784,245,0,0,1,0,0
1280867688122773504,2071,0,3,1,0,0
1280512982410244096,733,15,0,0,1,0
1282110980579885056,57,0,0,1,0,0
1280864356490764288,10432,5,0,0,1,0
1280669324592721920,206,0,2,1,0,0
1281356465454948352,157,3,0,0,1,0
1280307803471708160,521,0,0,1,0,0
1280277969055944704,318,28,0,0,1,0
1280898429829484544,172,0,2,1,0,0
1280311025573793792,43,0,1,1,0,0
1280857975356350464,52,26,0,0,1,0
1280248218102771712,21,28,0,0,1,0
1280799059402514432,3268,2,8,0,0,1
1280299490851815424,621,0,0,1,0,0
1280410589513289728,116,25,0,0,1,0
1280865347340513280,164,5,0,0,1,0
1280960126736904192,1650,3,0,0,1,0
2561775998679838720,3300,0,0,2,0,0
1280248441847898112,428,8,0,0,1,0
1280684056368250880,110,12,0,0,1,0
1280527259586224128,14,18,0,0,1,0
1280605841239007232,608,22,0,0,1,0
1280324263615004672,145,0,1,1,0,0
1280685874364235776,328,12,0,0,1,0
1280910707228397568,162,0,2,1,0,0
1281580128791912448,7242,4,7,0,0,0
1281591297153826816,133,4,0,0,1,0
1281597136409370624,47,2,0,0,1,0
1280349245577539584,231,0,0,1,0,0
1280994509107625984,333,16,0,0,1,0
1280380054804062208,207,0,0,1,0,0
1280763824392548352,42,7,0,0,1,0
1280548894624096256,847,0,1,1,0,0
1281641248378351616,446,0,0,1,0,0
1281057572909461504,42,83,0,0,1,0
1280196030487760896,197,28,0,0,1,0
1280766800062488576,435,1,0,0,1,0
1280265392603172864,153,4,0,0,1,0
1281015677038493696,200,4,0,0,1,0
1280593084506607616,109,2,0,0,1,0
1281154114374770688,12,5,24,0,0,0
1281004973443162112,59,0,0,1,0,0
1280908324779810816,220,0,0,1,0,0
1280995732879794176,25,10,0,0,1,0
1280361539510419456,385,6,0,0,1,0
1280383884157423616,199,0,6,1,0,0
1281712762897551360,70,29,0,0,1,0
1281643680969953280,94,29,0,0,1,0
1280530637649215488,323,18,0,0,1,0
1280269569718800384,6778,4,0,0,1,0
1280599909557776384,20,47,0,0,1,0
1283339629383553024,87,10,0,0,1,0
1280685907784404992,3,246,0,0,1,0
1280269313006424064,2609,4,0,0,0,0
1280237451676717056,174,0,3,1,0,0
1280234364450848768,580,0,1,1,0,0
1280291912877068288,360,0,0,1,0,0
1280306122159783936,132,0,0,1,0,0
1281036673221099520,1844,46,0,0,1,0
1280931610263785472,2696,1,0,0,1,0
1280887056470880256,2696,1,2,0,0,2
1280230482098225152,186,0,1,1,0,0
1273323988069109760,784,4,0,0,1,0
1280303794786615296,448,0,0,1,0,0
1281023894980308992,281,0,2,1,0,0
1281704266122625024,72,0,3,1,0,0
1285084762210697216,49,0,0,1,0,0
1280656521450254336,79,0,2,1,0,0
1280326674698113024,18,0,0,1,0,0
1280654598592704512,274,77,0,0,1,0
1280994969554227200,196,0,1,1,0,0
1280419469031100416,64,0,2,1,0,0
1281074101541576704,285,0,0,1,0,0
1281050246383099904,1384,16,0,0,1,0
1280507691153215488,6587,0,2,1,0,0
1281665799120396288,84,29,0,0,1,0
1280341022317449216,125,24,0,0,1,0
1280196104588595200,32,28,0,0,1,0
1280896637846650880,5,1,0,0,1,0
1280546362908708864,137,0,0,1,0,0
1280298391122128896,428,0,5,1,0,0
1281271286182928384,58,2,0,0,1,0
1281034890792878080,112,46,0,0,1,0
1280304790661144576,2226,0,3,1,0,0
1280558381862977536,848,1,2,0,0,0
1281177493261729792,59,4,0,0,1,0
1281614265942769664,43,29,0,0,1,0
1280534564386017280,6294,7,0,0,1,0
1280532866884132864,451,0,11,1,0,0
1281715773266853888,157,188,0,0,1,0
1281957803230474240,14,29,0,0,1,0
1280654223231913984,8921,1,7,1,0,0
1281091585250295808,58,116,0,0,1,0
1280530870315683840,19116,47,93,0,0,4
1281604992990769152,89,29,0,0,1,0
1280419543286939648,31,25,0,0,1,0
1280312703790264320,157,0,3,1,0,0
1280622798231216128,39116,2,11,0,0,2
1280339113619517440,282,24,0,0,1,0
1280223173515108352,65,13,0,0,1,0
1283404311624589312,121,10,0,0,1,0
1281589356780646400,124,29,0,0,1,0
1280267652787843072,128,25,0,0,1,0
1280953860941590528,1460,0,4,1,0,0
1280882052225732608,27,47,0,0,1,0
1280898991643738112,5,26,0,0,1,0
1280633238105571328,3057,6,0,0,1,0
1280549823393955840,234,0,2,1,0,0
1280865295188590592,43,26,0,0,1,0
1281376223768178688,44449,2,3,0,0,0
1280894342262075392,141,0,0,1,0,0
1280699806604759040,338,0,1,1,0,0
1280687681593315328,48,11,0,0,1,0
1273317165681258496,1250,4,0,0,1,0
1281651757584506880,22,188,0,0,1,0
1280301100483186688,106,0,3,1,0,0
1280737953904570368,406,0,0,1,0,0
1282107024575258624,1987,0,1,1,0,0
1280902511268954112,9,5,0,0,1,0
1281169157816492032,5,3,0,0,1,0
1280427243286794240,198,0,0,1,0,0
1280301453656145920,72,0,3,1,0,0
1280299649153318912,491,0,1,1,0,0
1280540019850129408,1197,0,0,1,0,0
1280947678495547392,19,6,0,0,1,0
1280253996964470784,2522,1,0,0,1,0
1281048655458455552,956,16,0,0,1,0
1281103196467933184,2175,7,0,0,1,0
1280993733647970304,488,0,0,1,0,0
1280987705321627648,22,10,0,0,1,0
1280940667443638272,5,3,0,0,1,0
1280308928488919040,2621,0,7,1,0,0
1280895846926745600,52,5,0,0,1,0
1280721443731447808,382,5,0,0,1,0
1281752224117522432,9,188,0,0,1,0
1280563872131407872,681,0,1,1,0,0
1280915056688054272,252,0,0,1,0,0
1281242358227632128,3,116,0,0,1,0
1280668589427773440,194,4,21,0,0,0
1280735810334199808,2372,138,668,0,0,23
1280239817096388608,293,25,0,0,1,0
1280223583902588928,4840,13,0,0,1,0
1280321194458263552,4840,24,0,0,1,0
1280535240218419200,743,2,0,0,1,0
1280967714232811520,619,3,0,0,1,0
1280218934390796288,23,0,0,1,0,0
1282130669280399360,235,0,0,1,0,0
1280320838923935744,156,0,0,1,0,0
1280700773140217856,5,0,0,1,0,0
1280615666530254848,1378,47,0,0,1,0
1280652718827286528,4330,11,0,0,1,0
1280848979035643904,121,1,0,0,1,0
1281613907900026880,20,1,0,0,1,0
1281200219590459392,468,5,0,0,1,0
1280316302209449984,3272,0,7,1,0,0
1281646818745556992,290,29,0,0,1,0
1280625998933962752,434,1,1,0,0,0
1280244792241291264,3,4,0,0,1,0
1280300086933835776,147,0,0,1,0,0
1280259207405723648,1134,25,0,0,1,0
1281586038893359104,24,29,0,0,1,0
1280310938407702528,238,1,0,0,1,0
1273350032494940160,1990,4,0,0,1,0
1280359734877597696,146,0,0,1,0,0
1282125840046850048,8,0,0,1,0,0
1280482442114215936,31,0,0,1,0,0
1280480137759391744,4495,15,0,0,1,0
1280855499529994240,45,15,0,0,1,0
1280245525388943360,376,25,0,0,1,0
1281103030038024192,513,116,0,0,1,0
1280331521740734464,154,0,0,1,0,0
1280900332738969600,136,0,3,1,0,0
1280920687390199808,108,2,34,0,0,0
1280687955321987072,105,0,0,1,0,0
1282050915025981440,1813,22,0,0,1,0
1281654597493248000,76,0,0,1,0,0
1280482061791506432,85,11,0,0,1,0
1281050971435667456,445,47,0,0,1,0
1280299211880308736,116,0,1,1,0,0
1280306985301409792,1342,0,1,1,0,0
1280638342598705152,277,47,0,0,1,0
1280643936168673280,44,22,0,0,1,0
1280519163170238464,332,18,0,0,1,0
1281038778723979264,41,83,0,0,1,0
1281287879474454528,79,0,0,1,0,0
1281339391521239040,112,15,0,0,1,0
1280519513159712768,42,18,0,0,1,0
1281989261131051008,3,29,0,0,1,0
1280682226389266432,315,11,0,0,1,0
1280567830967209984,1017,1,1,1,0,0
1280303702021156864,293,0,1,1,0,0
1281351331647758336,327,0,0,1,0,0
1281093590379376640,108,138,0,0,1,0
1280900930016247808,391,0,0,1,0,0
1280625034386644992,142,2,0,0,1,0
1281016637408362496,26,4,0,0,1,0
1280947941260144640,67,0,0,1,0,0
1281294961619673088,115,0,1,1,0,0
1280693503606042624,15,1,0,0,1,0
1280222371438366720,82,0,0,1,0,0
1280333796127145984,238,0,1,1,0,0
1280814280368160768,600,1,0,0,1,0
1280853761787822080,423,0,0,1,0,0
1281033612662583296,20,83,0,0,1,0
1280422614616375296,183,0,0,1,0,0
1281338209004331008,781,15,0,0,1,0
1280602430468698112,31,0,0,1,0,0
1281111730253434880,249,138,0,0,1,0
1280315537571151872,36,0,1,1,0,0
1281034682621140992,1347,0,19,1,0,0
1281162589989474304,2339,5,0,0,1,0
1280555788646432768,27,246,0,0,1,0
1281264472838017024,0,46,0,0,1,0
1271149257865736192,333,11,0,0,1,0
1280471746035007488,117,0,0,1,0,0
1280299087930232832,1903,2,22,1,0,0
1280914299276464128,47,66,0,0,1,0
1268853184279257088,82,11,0,0,1,0
1280837788989108224,66,4,0,0,1,0
1280923354669682688,168,75,0,0,1,0
1280462000812969984,161,0,10,1,0,0
1280180440897331200,9459,28,136,0,0,14
1280466804167651328,28,0,0,1,0,0
1283336928813821952,1523,10,0,0,1,0
1280941770227036160,71,2,0,0,1,0
1280877253228929024,1564,1,2,0,0,1
1281121363588194304,133,11,0,0,1,0
1281039373740445696,81,1,0,1,0,0
1280496741922549760,296,15,0,0,1,0
1281654712752726016,19,77,0,0,1,0
1280559947512774656,161,0,0,1,0,0
1281054890861740032,99,16,0,0,1,0
1280984664400891904,1220,16,0,0,1,0
1280866695981252608,87,26,0,0,1,0
1280968885852950528,119,5,0,0,1,0
1281192823463849984,14,13,0,0,1,0
1280855455804395520,72,0,0,1,0,0
1281649861377486848,3,15,0,0,1,0
1281707874394275840,37,0,0,1,0,0
1280216952036884480,114,0,0,1,0,0
1282431123897888768,9,28,0,0,1,0
1280321308585275392,28,24,0,0,1,0
1281103196195303424,254,0,0,1,0,0
1280556881031946240,38,24,0,0,1,0
1280932779098767360,26,0,0,1,0,0
1280527182125809664,18,7,0,0,1,0
1280962359545208832,197,2,0,0,1,0
1280325598930522112,24,24,0,0,1,0
1280340211810140160,57,0,0,1,0,0
1281584032933982208,19,116,0,0,1,0
1280608533050949632,454,1,0,0,0,0
1285094172526092288,34,4,0,0,1,0
1281061208045600768,13,13,0,0,1,0
1280630220286877696,1247,77,0,0,1,0
1280994914461986816,234,16,0,0,1,0
1281338219506933760,454,15,0,0,1,0
1280511682117328896,2,8,0,0,1,0
1280992340509896704,35,16,0,0,1,0
1281804454711504896,147,29,0,0,1,0
1280900070578311168,1088,0,3,1,0,0
1280953576584511488,386,11,0,0,1,0
1280486459913502720,345,11,0,0,1,0
1280677765734445056,1,0,1,1,0,0
1280332054765408256,188,0,0,1,0,0
1280493067510915072,169,15,0,0,1,0
1281085195798687744,26,16,0,0,1,0
1280509823952576512,39,1,17,0,0,0
1280906238889525248,54,2,8,1,0,1
1281006024372162560,81,4,0,0,1,0
1280233170210873344,6,13,0,0,1,0
1280864152261722112,14104,5,1,0,0,0
1280312210489847808,173,0,3,1,0,0
1281031926954876928,150,83,0,0,1,0
1282128121752358912,4,55,0,0,1,0
1280307318589194240,565,0,0,1,0,0
1280914817176518656,51,66,0,0,1,0
1280223051603480576,21,13,0,0,1,0
1280307108114763776,430,0,0,1,0,0
1280793205857030144,2103,0,0,1,0,0
1280327490238582784,3,24,0,0,1,0
1280346866849394688,898,0,0,1,0,0
1281581033817858048,7,29,0,0,1,0
1281038940221444096,121,83,0,0,1,0
1281323217450422272,8,16,0,0,1,0
1281102559520980992,334,7,0,0,1,0
1280558590034620416,39,1,0,1,0,0
1285112667871555584,118,4,0,0,1,0
1280948277177987072,1147,6,0,0,1,0
1280338609703395328,629,24,0,0,1,0
1280322391248457728,59,0,1,1,0,0
1283335312094179328,184,10,0,0,1,0
1281062109963567104,408,13,0,0,1,0
1281003469046939648,32,12,0,0,1,0
1280184429642743808,102,28,0,0,1,0
1281003175928045568,19,77,0,0,1,0
1281642601746227200,28,29,0,0,1,0
1281583792260616192,136,0,0,1,0,0
1280512208817045504,1014,1,0,0,1,0
1280312014221516800,78,0,1,1,0,0
1281007115163832320,1122,0,0,1,0,0
1281298371936911360,69,2,0,0,1,0
1280346554885382144,1156,0,1,1,0,0
1280355507547639808,938,1,2,0,0,0
1281010234425782272,12,15,0,0,1,0
1280933846729592832,68,0,0,1,0,0
1280776754190311424,5,5,0,0,1,0
1280190067202494464,53,0,1,1,0,0
1281355312172355584,159,12,0,0,1,0
1280533567060271104,80,0,1,1,0,0
1281352503955795968,128,0,0,1,0,0
1282117732964671488,99,55,0,0,1,0
1280719989864087552,330,47,0,0,1,0
1280224737315217408,7,13,0,0,1,0
1280365002373955584,81,25,0,0,1,0
1280929983075094528,1,3,0,0,1,0
1281361689808637952,114,12,0,0,1,0
1281106314781954048,6,116,0,0,1,0
1281169042351538176,44,5,0,0,1,0
1280984978340413440,189,0,0,1,0,0
1280298948184375296,108,0,0,1,0,0
1280881411701047296,145,15,0,0,1,0
1280887931553660928,54,5,0,0,1,0
1281351243898773504,194,12,0,0,1,0
1280526271471067136,82,7,0,0,1,0
1280697407706185728,82,12,0,0,1,0
1281353683180097536,208,12,0,0,1,0
1281807816077049856,41,83,0,0,1,0
1280230647676784640,122,13,0,0,1,0
1280364798652317696,59,0,0,1,0,0
1281929922504724480,8,0,0,1,0,0
1280547623594844160,1470,0,3,1,0,0
1280364479579029504,698,0,0,1,0,0
1280539861083205632,7,7,0,0,1,0
1281055748076834816,73,46,0,0,1,0
1281063679740567552,73,13,0,0,1,0
1281070452153163776,89,13,0,0,1,0
1280868192437534720,188,15,0,0,1,0
1280672861389312000,74,0,9,1,0,0
1281360126235021312,318,0,1,1,0,0
1280868080609046528,26,0,0,1,0,0
1280308392398069760,90,0,0,1,0,0
1280350644919025664,97,0,0,1,0,0
1280887960418897920,4,0,0,1,0,0
1280961039140556800,6084,2,5,0,0,0
1268658674861510656,16,11,0,0,1,0
1280332665040838656,466,0,1,1,0,0
1282101958476693504,62,83,0,0,1,0
1281601561131732992,291,12,0,0,1,0
1280864613953912832,7,47,0,0,1,0
1280305918568210432,203,0,0,1,0,0
1281372667522752512,96,12,0,0,1,0
1280272933169049600,3,25,0,0,1,0
1280576226332114944,276,18,0,0,1,0
1280909688402522112,4,26,0,0,1,0
1280217924310044672,136,11,0,0,1,0
1280525571265630208,81,0,4,1,0,0
1280328206311141376,2,24,0,0,1,0
1280532466311344128,75,0,1,1,0,0
1280996884765687808,101,0,3,1,0,0
1281582328398127104,182,12,0,0,1,0
1281581484894294016,176,12,0,0,1,0
1280945816983801856,188,0,1,1,0,0
1280905161746022400,12,0,0,1,0,0
1281789068720975872,1,29,0,0,1,0
1280321210602213376,444,24,0,0,1,0
1280198088158859264,2,0,0,1,0,0
1281046114763001856,3,16,0,0,1,0
1282498010312835072,4,66,0,0,1,0
1281218199657250816,2,116,0,0,1,0
1280319834081853440,365,0,0,1,0,0
1281359268600590336,130,12,0,0,1,0
1280244066190581760,96,13,0,0,1,0
1280244163989188608,96,0,0,1,0,0
1280205997596909568,32,28,0,0,1,0
1280998877492019200,466,47,0,0,1,0
1282896789847277568,114,4,0,0,1,0
1280923687844265984,4,3,0,0,1,0
1282303492292567040,33,55,0,0,1,0
1280225204300656640,1410,13,0,0,1,0
1280322053158076416,69,24,0,0,1,0
1281366202913300480,107,12,0,0,1,0
1280356895912529920,1,1,0,0,1,0
1282328970634178560,7,25,0,0,1,0
1280250900917952512,5,25,0,0,1,0
1280930287397076992,710,2,0,0,1,0
1280327204963004416,39,24,0,0,1,0
1280191079279624192,21,0,0,1,0,0
1280241119268306944,26,13,0,0,1,0
1281660695168286720,2,29,0,0,1,0
1281790113505214464,13,29,0,0,1,0
1280629892829372416,11,22,0,0,1,0
1280231201677225984,302,8,0,0,1,0
1280193694650466304,74,28,0,0,1,0
1281658970474766336,237,188,0,0,1,0
1273315990277967872,333,4,18,0,0,0
1280484595755094016,162,7,0,0,1,0
1280332443036323840,3487,36,358,1,0,0
1281279101584551936,17,138,0,0,1,0
1283476708260294656,473,10,0,0,1,0
1280236330950295552,0,25,0,0,1,0
1280480165647310848,217,25,0,0,1,0
1280352526081163264,287,6,0,0,1,0
1281645879536033792,4,29,0,0,1,0
1280936398594486272,158,0,4,1,0,0
1280393231738568704,17,11,0,0,1,0
1281677371989467136,2,188,0,0,1,0
1281002986693693440,428,0,7,1,0,0
1280231248926048256,0,8,0,0,1,0
1280303372260827136,16,0,0,1,0,0
1280492419109146624,37,0,2,1,0,0
1282117538520993792,5,55,0,0,1,0
1282891589820592128,19,0,0,1,0,0
1280763098232651776,9,47,0,0,1,0
1280674297149902848,506,0,2,1,0,0
1280224656553893888,71,13,0,0,1,0
1281612734409388032,231,138,0,0,1,0
1282423763397742592,0,55,0,0,1,0
1280486570936750080,106,7,0,0,1,0
1280939165769662464,14,0,0,1,0,0
1280526607728496640,0,8,0,0,1,0
1281785074804051968,42,116,0,0,1,0
1280716312948465664,5,4,0,0,1,0
1281781854358642688,5,3,0,0,1,0
1281175261468405760,414,3,0,0,1,0
1280703538637811712,205,4,0,0,1,0
1280488642310475776,200,7,0,0,1,0
1281154218343219200,83,138,0,0,1,0
1280411751239081984,141,0,0,1,0,0
1281070177841528832,272,0,0,1,0,0
1280949610580791296,0,77,0,0,1,0
1282101031325900800,361,2,0,0,1,0
1281263573797408768,4,116,0,0,1,0
1280461274523066368,48,25,0,0,1,0
1282116325326884864,8,55,0,0,1,0
1280300848954986496,94,1,2,1,0,0
1280303980191666176,89,0,0,1,0,0
1280536374890893312,36,18,0,0,1,0
1280309735380733952,17,0,0,1,0,0
1280509175358009344,10,8,0,0,1,0
1280650958503055360,2,0,0,1,0,0
1280639852623642624,0,47,0,0,1,0
